id;modelo;placa;marca
1;Islands;bandwidth Sausages Unbranded Plastic Gloves;reboot
2;haptic;quantifying;access aggregate scalable
3;Avon silver;invoice ivory salmon;matrix
4;Cotton Customer;action-items South Carolina;paradigms Frozen Pizza
5;Rupiah;Internal Central;Books withdrawal
6;Avon;Nakfa Enterprise-wide;Wooden
7;Forward niches;tangible Table Virgin Islands, U.S.;Cocos (Keeling) Islands Licensed
8;needs-based;Concrete Philippine Peso;Dynamic Fantastic
9;Assimilated;Senior;Direct Manager Steel
10;Money Market Account back-end;array Pants El Salvador;initiatives Credit Card Account
